Username,Message Count
https,32157
lovey_#0,12855
akillora#0,11948
email2_#0,10662
mathbrook#0,10628
UNKNOWN,9625
nathanf6196#0,9007
andrewt1331#0,8589
kennesaw_motorsports#0,8375
syang88#0,7837
thefalsecube#0,7288
pyroveus#0,6881
bigrockcandyman#0,6209
marcooo1280#0,6072
jackrabbit17#0,6060
sethcornman#0,5980
recharged906#0,5511
no_soup#0,5207
jegracer#0,4664
static_ctrl#0,4266
john2461#0,4251
_bigfoot0306#0,4081
graysonl#0,4039
bigpapimihai#0,4017
MEE6#4876,3671
bobtheunfixer#0,3642
cardboi#0,3480
richard_serrano#0,3192
slenderhog#0,2844
des6334#0,2767
r0nyyn#0,2607
oil10000#0,2546
toastmalone6614#0,2399
yoder8472#0,2345
thegreatglitcher#0,2325
angrywarlockttv#0,2248
carterharrell99#0,2160
frosendestiny101#0,2029
jackspadejr#0,1954
vroom7716#0,1913
dominikklenik#0,1816
tnhuggs1308#0,1787
10gallen#0,1715
chog01#0,1661
schosch9371#0,1529
giltmercury5541#0,1498
itsacanofsoup#0,1476
imperialpirate8#0,1437
gingeineer#0,1422
ifonesite123#0,1364
adeye4067#0,1335
abduljibber#0,1191
the_realalex#0,1179
Deleted User#0000,1111
chillxzv#0,1040
Wordle#2092,1024
pieshower#0,1017
thejesseman#0,1008
matt11112121111#0,974
voroo#0,914
nebby1136#0,860
ximena.cruz#0,819
jacob_1224#0,794
brokenlifecycle#0,789
elizabethhaley_#0,773
heily13#0,761
from_sending_it#0,760
redwire12#0,742
invxdernut#0,714
evanm__#0,699
boomer8798#0,695
ethanfoster_#0,681
sorrelyn#0,675
justinbechet#0,650
aneliatsa#0,623
jacobkrakowski#0,561
b3n.0#0,544
eatenorpheus30#0,537
flemingbr0#0,519
nick75704#0,518
jacoon5#0,515
lokii.reaper#0,499
lauren194805#0,496
approximatemarxist#0,482
likadoofus#0,458
crat1k#0,450
kali.mari#0,430
movethebone#0,427
jamesnotjim#0,426
blaineb69420#0,421
mkarim06#0,420
hwban#0,391
neeshu13#0,373
ethanol#0,347
.fredey#0,325
epicironman654#0,323
reece098326_43785#0,312
matlean#0,299
froggo_empress#0,295
evantheshade#0,286
ifeelverylucky#0,283
bartholomew5619#0,277
fracturing_glass#0,253
california_condor#0,249
aries8080#0,243
probablylogan.#0,242
tgbritton#0,239
carterpike6547#0,226
graysonb0933_10712#0,225
ptcmaegridtea#0,222
noncog._93894#0,210
noble_maypole_96024#0,210
insightdan#0,202
ajdurkman#0,193
pace2007.#0,192
spicychorizo_#0,188
nononsensepete#0,186
4cq#0,176
wolah.#0,172
kyo2.0000#0,172
mouseinthehouse#0,172
supernovatim6#0,160
panco9413#0,156
coomsquid#0,151
dazackman#0,149
pettrusk#0,137
mukundl#0,136
itsallgoode_#0,127
turboi#0,125
marc.8533#0,120
GitHub#0000,117
graeghost#0,115
nachoguy154#0,114
dragon0624#0,112
skittlegod0#0,103
greatstrappsby#0,102
ponoup#0,99
aesth_#0,92
pimp9985#0,91
brandinodorito#0,90
exileowo#0,90
letyonutshang64#0,87
stone123321.#0,87
ronnyyy86#0,86
ennotheemmo#0,86
deekinabok2971#0,85
a6drew.#0,84
movuitton#0,81
aallooss#0,81
abdirahmanshirwa#0,80
dreadtooth85#0,80
snwn1492#0,78
ahoy174#0,78
dean_81552#0,76
ultmoshpit#0,75
raaudi#0,75
dajon3188#0,75
kevohn#0,74
s54lvr#0,73
justjalen#0,72
brittanie1023#0,72
1212cr7#0,70
lun3r_eclipse#0,70
storm_force#0,68
bryce0bb#0,67
garrettrr#0,65
kiernan.mac#0,63
kuroezucredl#0,62
the_door_opener#0,61
david071477#0,58
poheniks#0,57
pete_n2005#0,56
lonny54#0,53
sprecs#0,53
gravyonapercyt#0,52
noahparayil#0,50
agsprints#0,50
givemetheusernamecheesepls#0,50
poerkid23#0,50
supertrooper457#0,50
karldotcom#0,50
itzjustlucius#0,46
chiefkiller219#0,46
_nate_._#0,46
ProBot âœ¨#5803,46
tren_lord#0,45
xenobe#0,44
.aurora123.#0,43
m0rgans0rgans4837#0,42
romano2069#0,41
psymunds#0,41
aanaasiaa#0,41
collinob101#0,41
jefv7#0,39
lolslender678#0,39
tony716#0,38
alejandroramosu#0,38
darkstalker9813#0,36
peyton_norville#0,36
jaylay23#0,35
narku_bourgeoisie#0,34
a1seny#0,34
brantley9#0,34
itsmo141#0,34
js10002#0,34
latyrien#0,34
diesel88#0,33
justabraham.#0,32
coasterkart#0,31
eliabjordan#0,31
quit.vaping#0,31
juanesrd21#0,31
austin_deaver#0,31
virenaluri#0,31
titanmonarch0803#0,30
archr07#0,30
therkingd#0,30
fusrodoge#0,30
goncath#0,30
misterchirinos13#0,29
ranimatorvered#0,29
luciusa0801#0,29
crimson8884#0,28
mantoufiend2305#0,28
oeku.#0,28
jamesd67.#0,28
chasecasher#0,28
phoenix02232#0,28
carsmera#0,27
doubleyous4dayz#0,27
nuclearpankakes#0,27
plinkvevo#0,27
joellouise#0,27
6foot6feminist#0,27
csalmon.#0,27
benthemoparguy#0,26
bre033475#0,26
nobletrashcan_#0,26
naelson5508#0,26
suqo0179#0,26
itz_opix#0,26
sabrina1195#0,26
garrettnoble#0,25
swubbies#0,25
burritohero04#0,25
hotrods.and.racecars#0,24
dope_penguin48#0,24
yogigdafakegoat#0,24
firomsa3856#0,24
trendyrain51#0,24
felineinnature#0,23
pyth0npete#0,23
jadenhuckaby#0,23
henild66#0,23
arrow1287#0,23
godsgrief#0,23
i_am_stitch.#0,22
florida_man1024#0,22
oddfuture666#0,22
dazed_22#0,22
maliknightshade#0,22
hithesh00633#0,22
darthveyron#0,22
metrig#0,22
snoopytsu#0,22
ultrasko#0,22
tuck55555#0,22
andrw.1#0,22
the.antisocial.ginger#0,22
samitk36#0,21
keego_j#0,21
infinityfox7#0,21
josephriggs#0,21
ethanwithbackpackonhead#0,20
zoinksed#0,20
dogman08502#0,20
mjeanbaptiste14#0,20
gnome0290#0,20
tsjoshi6#0,20
crisbe.e#0,20
frazzled101#0,20
im.geo101#0,20
jalon3609#0,20
almo9277483#0,20
_nikolas22#0,20
miladeljoo#0,19
rat_attack7266#0,19
zcrosson#0,19
lottadamage24#0,19
shrey5848#0,18
jasonsteps#0,18
emilianosav#0,18
cayleecicero6823#0,18
vertigotraveller#0,18
sebastian.0307#0,18
_jubby#0,18
kehaantheundecided#0,18
jmute96#0,18
gagan5#0,18
harrison0442#0,18
techdrew2#0,18
kitt_y4401#0,17
chandelierp#0,17
hyperlynk_#0,17
imfunky#0,17
that_guyfire#0,17
kazedb#0,16
beastmastermark2#0,16
montseyoffline#0,16
bubb_rattle#0,16
imufiexe#0,16
sethaku409495#0,16
sagekingwill#0,16
amar_patt14#0,16
thestreak898#0,16
k_rrb2#0,16
skarzs#0,16
cocodrew#0,16
zacchattack#0,15
swearonyeezys#0,15
mffdoom_#0,15
wakaflaka2#0,15
aditurlapati#0,15
blake_98#0,15
collin_wiles#0,15
jtruckem#0,14
fluffle54#0,14
freakheadextremus3#0,14
jeremyhoops0#0,14
heatmjser#0,14
oracle._._#0,14
nasirpeek5248#0,14
jayrogers9233#0,14
snicker_d00dle#0,14
paradoxgray.#0,14
dr.swiss#0,14
noobhut.#0,14
chewygranola#0,14
egdy05#0,14
dylanruv#0,14
lordsway.#0,14
lucifurmorning#0,14
chambres.#0,14
thetankinator#0,14
tim5201#0,13
dogburtjunior#0,13
hunterrufus#0,13
terrence2610#0,13
jaybaby764#0,13
silverbullet18#0,12
buhdai#0,12
zainsyed_78981#0,12
mattam._.#0,12
rhinomode1#0,12
wayne_meichsner9619#0,12
cooperhanson#0,12
thamazingone#0,12
maddiefisher#0,12
powerstar1_#0,12
eternal9378#0,12
cooperbrooks314#0,12
lazyshadow04#0,12
__mathew__#0,12
caleb_does_gamiing#0,12
lil_druggie#0,12
ajrock107#0,11
rawbie1570#0,11
braden04868#0,11
millhouse04#0,11
gavindavis0035#0,11
q_lin_#0,11
minekeeper04#0,10
ahmedhamza877#0,10
roro3364#0,10
realtired#0,10
mongoose6305#0,10
issac101#0,10
bmackdaddy#0,10
thedripunmatched#0,10
janaecrockett#0,10
mtadess3#0,10
alejandro3988#0,10
tweakinhobo#0,10
itsmotorhead#0,10
half_caste_spade3.14#0,10
bvlgari1210#0,10
1kvon#0,10
brabnadon#0,10
boltai#0,10
salteague#0,10
homeslicez27620#0,10
ryantcheutchoua#0,10
ni.x.ie#0,10
gabecord#0,10
tabuchihara#0,10
browserpptx#0,10
aleet#0,10
drewptiger.#0,10
nate255#0,10
vonzn#0,10
chowder12174#0,10
dabrisket#0,9
poggers4498#0,9
Rythm#3722,9
sirmello_#0,9
kvippe#0,8
ls.nick_54169#0,8
stonelym#0,8
alexwidner#0,8
manyam3#0,8
anshu08054#0,8
archimental#0,8
yahir.marsss#0,8
vu1tra#0,8
cheezsuace#0,8
kingfisher101#0,8
bossmanjorge#0,8
turtleman_2391#0,8
dysra#0,8
halo_7_7#0,8
emma_b562#0,8
sno2uman#0,8
e.polh#0,8
kam7.62#0,8
nickdaotter#0,8
s3x_meister1128#0,8
thatyellow_ceta#0,8
kaorig_117#0,8
tiresomeohm1#0,8
judgealexander.#0,8
_doggo__#0,8
farfrompure#0,8
nahtecia#0,8
angelthemessenger.#0,7
acool786#0,7
jacobmink#0,7
skarz__#0,7
lescrotum.#0,7
lopez8161#0,7
gurlblunt#0,7
rokotsuronin#0,7
thatmaxkidzx6r#0,6
sangria7v7#0,6
supersoldier887#0,6
unbeastable#0,6
ellia5268#0,6
dropsweep#0,6
ftw_titan#0,6
cole03959#0,6
ghostitbean#0,6
whaleshark5#0,6
ronintenshi#0,6
newguy2806#0,6
kitty2027#0,6
yahhbishh3.0#0,6
trivngl3#0,6
jlopez1220#0,6
maxblankets_78101#0,6
biggy_large0311#0,6
themoonlitmind#0,6
_.kt_.#0,6
l1ttl3gh0st#0,6
masspistols#0,6
rofilms#0,6
jatcg#0,6
logangarrison#0,6
yourebored#0,6
dondaddies#0,6
samari122#0,6
wheelietalented#0,6
byjane_#0,6
rilloreviewer#0,6
ethy9#0,6
luhtrigga#0,6
keegangallagher1893#0,6
kevinwhoo#0,6
mamaguevo24#0,6
dilly.dilly_#0,6
venenolife99#0,6
m.e.rayj#0,6
snadinho#0,6
marquismakesmusic#0,6
introtosun#0,6
frewtjuice#0,6
anthony_g5#0,5
okfer1014783#0,5
fakedfob#0,5
daniel8612#0,5
nelo_caprisun#0,5
_iraqlobster#0,5
invisghost#0,5
jonathangrant.#0,5
tartigrade18436572#0,5
goldnwarlock#0,5
tochi178#0,5
obuneke#0,5
amarchman#0,5
carterbrown.545_90193#0,5
thebest442#0,5
spacepengu#0,5
techwidgetyt#0,4
landonrice_#0,4
dotaylor#0,4
david_lewi#0,4
sja22222#0,4
jbeetheboy#0,4
fatimafofana_93210#0,4
cameron45678#0,4
cruz.x#0,4
.osynt#0,4
_bhrz#0,4
tdug_42369#0,4
lolimkarisa#0,4
yeastpriest#0,4
shahzeb252#0,4
justmozzie#0,4
caihu1429#0,4
tectonic69.#0,4
spotsie#0,4
patchythepilot24#0,4
_mike.hunt#0,4
me_dart#0,4
nos_jaeger#0,4
.coo2.#0,4
soloplayer13#0,4
dave.boss#0,4
cromaye05#0,4
gold_toaster#0,4
suzuki.carryenthusiast#0,4
kay.1224#0,4
rharb1347#0,4
brandono1912#0,4
shock3134#0,4
skyflame1432#0,4
yk777#0,4
noahsinger02#0,4
_rvr21#0,4
testerjesse8433#0,4
sowrnbublz#0,4
dumbboy18#0,4
soya.14#0,4
sameer_kada35#0,4
sippinyams#0,4
rosalynnerd#0,4
summerpython994#0,4
sanjay1okesh#0,4
fiberbtw#0,4
cbronson1#0,4
henpinky#0,4
super123person#0,4
90gtfox#0,4
tasmaniac#0,4
cjlaurent#0,4
wreis357#0,4
redretrace#0,4
toast088#0,4
ibbi6876#0,4
westbys#0,4
marsh4784#0,4
johnwilliams00#0,4
aerotac#0,4
pebis1202#0,4
jesseiart#0,4
indy5546#0,4
ajay092005#0,4
cordaygerald#0,4
8cd8#0,4
dermondo21#0,4
noiceplz#0,4
rumpasaurus.#0,4
becah_koch#0,4
chickenturtle#0,4
fclucas_#0,4
smeaf_#0,4
tylerdoese#0,4
abyssalstrike#0,4
_wilde#0,4
kishanpatel0805#0,4
sphincterboii#0,4
muf0asa77#0,4
greenmachined#0,4
eazi.#0,4
proxites#0,4
flyricecake#0,4
ingromas#0,4
chorols#0,4
jonout101#0,4
mrnuke.#0,4
ashleyhiller#0,3
tre.ph#0,3
sphinx5425#0,3
sai07638#0,3
boostedfk7jack#0,3
s5leo_#0,3
xotic2000#0,3
vrtnaomi#0,3
lochnessmonster0749#0,3
daryllthompson#0,3
madisonming#0,2
fresh__pickle#0,2
bumblebee02107#0,2
imkev7005#0,2
ripskide#0,2
daina2.0#0,2
beanieboy06#0,2
spellingfale#0,2
Watch Together#5319,2
harleywayne.#0,2
jpokorny1012#0,2
yourgirlfriendsmom#0,2
mr.master.#0,2
theblazinbird#0,2
sid.dhartha#0,2
wizardwolf41448#0,2
kosmo0464#0,2
skseyes#0,2
delightful_moose_60790#0,2
dylan1280#0,2
captcandy4#0,2
txlan#0,2
ace_of_spades448#0,2
dmeister_44755#0,2
autumn_the_gremlin#0,2
ttv.absttrakt#0,2
thornypotato.#0,2
realmatthewclark#0,2
limitlezzzt#0,2
sexymanindehouse#0,2
davidboudreaux#0,2
itsjustej#0,2
moonplayer54#0,2
cubicz279#0,2
yayeeeeeee9704#0,2
sabelohlatshwayo#0,2
pawdre_#0,2
yunior.exe#0,2
rohit.5932#0,2
stingpujols_82911#0,2
aklesiamoges#0,2
kashyy7#0,2
armaniw.#0,2
nobull5#0,2
itsmodelotime#0,2
cna_#0,2
davidspencer_59073#0,2
bhuvanbruh#0,2
yipp3e#0,2
gt_jammer#0,2
sneaky_man#0,2
lalbor#0,2
nyx_ion#0,2
1birb#0,2
clay4782#0,2
literally_rock_lee#0,2
juanzepeda50#0,2
mitakaza#0,2
arschloch_t1d#0,2
penwheel_#0,2
gaisensei_#0,2
frozenintimefruit#0,2
crookedbag#0,2
remebee#0,2
karstinko#0,2
bowser4818#0,2
idontknow7025#0,2
scr4pper_#0,2
cylehill#0,2
iamrambo_#0,2
con_d._oriano1939#0,2
crouton018#0,2
kennesawowner#0,2
udaypatel#0,2
nathanrichardson1314#0,2
wretchedegg2222#0,2
leminjuvie#0,2
sonnettk#0,2
korbo.#0,2
jxmmy.c#0,2
mudayunt#0,2
its.drewr#0,2
ty6brick#0,2
knuckleshaqwich#0,2
jbarron8331#0,2
igad9236#0,2
rickross9357#0,2
vicente267#0,2
weird_pusheen.hmn#0,2
obamasballs#0,2
imtired.bat#0,2
dwmatl#0,2
shardu#0,2
redaventadorsv#0,2
justsomeguywithtrashtaste#0,2
prospectpeyton#0,2
aideorta#0,2
passatman#0,2
emiliorocks999#0,2
drewsvetz#0,2
gooeysphere#0,2
happy_tapioca#0,2
d3ity777#0,2
tuffgut#0,2
ethanisbreathin#0,2
justin041241#0,2
that_one_guy4200#0,2
boy_irish#0,2
boonedriver#0,2
.thebakery#0,2
alargeinfluxofbees#0,2
brandoli#0,2
hobodestroyer#0,2
xd0o1#0,2
harkrishanchawla#0,2
seth121#0,2
namescorny#0,2
kirbuza#0,2
damilolaaa.#0,2
ajdown3#0,2
wane6835#0,2
silverchariot_25#0,2
jaime088688#0,2
dylanlee33#0,2
toyophi#0,2
superglasses39#0,2
mattondrogas#0,2
cozycrox#0,2
maxmuir11#0,1
rs134#0,1
sethgcanada#0,1
Tatsu#8792,1
reloadx#0,1
_littleogre#0,1
shiiingo#0,1
